architecture,family,compute,loss,depth,loops
recurrent,untied,0.48473000902656,3.638688338430304,6,1
recurrent,untied,0.9220641949483008,3.5335894132915295,8,1
recurrent,untied,1.599119403515904,3.4852656314247534,10,1
recurrent,untied,2.4923935736856575,3.470739665784334,12,1
recurrent,untied,3.8016542243291136,3.4678063643606087,14,1
recurrent,untied,5.529251561550643,3.4769058227539062,16,1
recurrent,untied,7.54592424960983,3.5094471981650903,18,1
recurrent,untied,0.4390968405000192,3.632657101279811,4,6
recurrent,untied,0.907767107813376,3.517987703022204,6,6
recurrent,untied,2.0736651860901887,3.448238172029194,8,6
recurrent,untied,4.027665711366144,3.420506527549342,10,6
recurrent,untied,5.8766903639801855,3.417840656481291,12,6
recurrent,untied,9.628206858082713,3.431106968929893,14,6
recurrent,untied,0.5693374287839232,3.589908800627056,6,2
recurrent,untied,1.1523843931766784,3.4906600149054277,8,2
recurrent,untied,2.084828665085952,3.445271140650699,10,2
recurrent,untied,3.169252931744563,3.4374128642835116,12,2
recurrent,untied,4.966964751079834,3.44227439478824,14,2
recurrent,untied,7.371813147377664,3.458935386256168,16,2
recurrent,untied,0.6539448485412864,3.5602425023129114,6,3
recurrent,untied,1.382704591405056,3.466679623252467,8,3
recurrent,untied,2.570537926656,3.4289731477436267,10,3
recurrent,untied,3.846112289803469,3.4249596846731087,12,3
recurrent,untied,6.132275277830554,3.4346486141807153,14,3
recurrent,untied,9.214374733204684,3.455013074372944,16,3
recurrent,untied,0.7385522682986496,3.53611915989926,6,4
recurrent,untied,1.6130247896334335,3.4575813695004114,8,4
recurrent,untied,3.056247188226048,3.4212919536389803,10,4
recurrent,untied,4.5229716478623745,3.4184124595240544,12,4
recurrent,untied,7.297585804581273,3.432401556717722,14,4
vanilla,tied,0.48473000902656,3.6696247301603617,6,1
vanilla,tied,0.9220641949483008,3.5635295667146383,8,1
vanilla,tied,1.599119403515904,3.5140605725740133,10,1
vanilla,tied,2.4923935736856575,3.486977828176398,12,1
vanilla,tied,3.8016542243291136,3.470772994192023,14,1
vanilla,tied,5.529251561550643,3.471250433670847,16,1
vanilla,tied,7.54592424960983,3.481596695749383,18,1
vanilla,tied,0.4390968405000192,3.807357386538857,4,6
vanilla,tied,0.907767107813376,3.643467953330592,6,6
vanilla,tied,2.0736651860901887,3.5318683825041117,8,6
vanilla,tied,4.027665711366144,3.4723663330078125,10,6
vanilla,tied,5.8766903639801855,3.4507984362150492,12,6
vanilla,tied,9.628206858082713,3.4307572214226973,14,6
vanilla,tied,0.5693374287839232,3.648988422594572,6,2
vanilla,tied,1.1523843931766784,3.5462413587068258,8,2
vanilla,tied,2.084828665085952,3.491167570415296,10,2
vanilla,tied,3.169252931744563,3.4721968801398027,12,2
vanilla,tied,4.966964751079834,3.457765679610403,14,2
vanilla,tied,7.371813147377664,3.456860190943668,16,2
vanilla,tied,0.6539448485412864,3.6451833624588814,6,3
vanilla,tied,1.382704591405056,3.538630836888363,8,3
vanilla,tied,2.570537926656,3.4843866448653373,10,3
vanilla,tied,3.846112289803469,3.46321627968236,12,3
vanilla,tied,6.132275277830554,3.447877984297903,14,3
vanilla,tied,9.214374733204684,3.445871855083265,16,3
vanilla,tied,0.7385522682986496,3.6424436067280017,6,4
vanilla,tied,1.6130247896334335,3.5319976806640625,8,4
vanilla,tied,3.056247188226048,3.4815087569387337,10,4
vanilla,tied,4.5229716478623745,3.4576921964946545,12,4
vanilla,tied,7.297585804581273,3.441675286543997,14,4
vanilla,untied,0.48473000902656,3.6696247301603617,6,1
vanilla,untied,0.9220641949483008,3.5635295667146383,8,1
vanilla,untied,1.599119403515904,3.5140605725740133,10,1
vanilla,untied,2.4923935736856575,3.486977828176398,12,1
vanilla,untied,3.8016542243291136,3.470772994192023,14,1
vanilla,untied,5.529251561550643,3.471250433670847,16,1
vanilla,untied,7.54592424960983,3.481596695749383,18,1
vanilla,untied,0.683518275354624,3.609365362870066,4,12
vanilla,untied,1.4154116263575551,3.504743877210115,6,12
vanilla,untied,3.4555863754604546,3.4405461361533716,8,12
vanilla,untied,6.941921280786432,3.4246545088918587,10,12
vanilla,untied,0.4390968405000192,3.672013533742805,4,6
vanilla,untied,0.907767107813376,3.5506362915039062,6,6
vanilla,untied,2.0736651860901887,3.4718852796052633,8,6
vanilla,untied,4.027665711366144,3.436384502210115,10,6
vanilla,untied,5.8766903639801855,3.4361487940738074,12,6
vanilla,untied,9.628206858082713,3.4454478213661597,14,6
vanilla,untied,0.5205706521182208,3.642607036389802,4,8
vanilla,untied,1.0769819473281024,3.532369513260691,6,8
vanilla,untied,2.534305582546944,3.456685919510691,8,8
vanilla,untied,4.99908423450624,3.4310174239309212,10,8
vanilla,untied,7.2304090800979965,3.432992232473273,12,8
vanilla,untied,1.753841305387008,3.4891610396535775,6,16
vanilla,untied,4.376867168373964,3.431343881707442,8,16
vanilla,untied,8.884758327066624,3.4250315616005347,10,16
vanilla,untied,2.092270984416461,3.4824431569952714,6,20
vanilla,untied,5.298147961287476,3.428433468467311,8,20
vanilla,untied,10.827595373346815,3.4272139699835527,10,20
vanilla,untied,0.5693374287839232,3.626408225611637,6,2
vanilla,untied,1.1523843931766784,3.52997508801912,8,2
vanilla,untied,2.084828665085952,3.482405010022615,10,2
vanilla,untied,3.169252931744563,3.4671711168791117,12,2
vanilla,untied,4.966964751079834,3.4569320678710938,14,2
vanilla,untied,7.371813147377664,3.463222302888569,16,2
vanilla,untied,0.6539448485412864,3.597970259817023,6,3
vanilla,untied,1.382704591405056,3.503896211322985,8,3
vanilla,untied,2.570537926656,3.466915331388775,10,3
vanilla,untied,3.846112289803469,3.452105873509457,12,3
vanilla,untied,6.132275277830554,3.4480317768297697,14,3
vanilla,untied,9.214374733204684,3.458676388389186,16,3
vanilla,untied,0.7385522682986496,3.5792814555921053,6,4
vanilla,untied,1.6130247896334335,3.489645706979852,8,4
vanilla,untied,3.056247188226048,3.450492055792558,10,4
vanilla,untied,4.5229716478623745,3.443774574681332,12,4
vanilla,untied,7.297585804581273,3.445339002107319,14,4
