family,knob,loops,multiplier,loss
k,glr,2,0.25,3.3172434756630347
k,glr,2,0.5,3.2491027430484167
k,glr,2,1.0,3.2333807694284538
k,glr,2,2.0,3.2480213767603825
k,glr,2,4.0,3.3089880692331413
k,glr,4,0.25,3.2771435787803247
k,glr,4,0.5,3.211684779116982
k,glr,4,1.0,3.203353078741776
k,glr,4,2.0,3.225208282470703
k,glr,4,4.0,3.298156135960629
k,glr,8,0.25,3.258494728489926
k,glr,8,0.5,3.198855952212685
k,glr,8,1.0,3.1955401771946956
k,glr,8,2.0,3.221491763466283
k,glr,8,4.0,3.29439303749486
k,wd,2,0.25,3.242310774953742
k,wd,2,0.5,3.2418154666298316
k,wd,2,1.0,3.2333807694284538
k,wd,2,2.0,3.23520238775956
k,wd,2,4.0,3.2482886063425163
k,wd,4,0.25,3.2172249241879114
k,wd,4,0.5,3.210027995862459
k,wd,4,1.0,3.203353078741776
k,wd,4,2.0,3.1998730709678247
k,wd,4,4.0,3.215558704576994
k,wd,8,0.25,3.207048717298006
k,wd,8,0.5,3.2069101835552014
k,wd,8,1.0,3.1955401771946956
k,wd,8,2.0,3.1922683715820312
k,wd,8,4.0,3.2031525059750208
k,om,2,0.25,3.2579090720728825
k,om,2,0.5,3.239712765342311
k,om,2,1.0,3.2333807694284538
k,om,2,2.0,3.2370101527163855
k,om,2,4.0,3.2465948807565788
k,om,4,0.25,3.2287302519145764
k,om,4,0.5,3.206743541516756
k,om,4,1.0,3.203353078741776
k,om,4,2.0,3.2052283036081413
k,om,4,4.0,3.213870600650185
k,om,8,0.25,3.2216967532509253
k,om,8,0.5,3.1992605108963814
k,om,8,1.0,3.1955401771946956
k,om,8,2.0,3.1953757436651933
k,om,8,4.0,3.2077524285567436
k,rm,2,0.25,3.2472668697959497
k,rm,2,0.5,3.237689971923828
k,rm,2,1.0,3.2333807694284538
k,rm,2,2.0,3.2348759299830387
k,rm,2,4.0,3.2394955283717106
k,rm,4,0.25,3.211452082583779
k,rm,4,0.5,3.2035998294228003
k,rm,4,1.0,3.203353078741776
k,rm,4,2.0,3.2071667721396997
k,rm,4,4.0,3.217380724455181
k,rm,8,0.25,3.1965789794921875
k,rm,8,0.5,3.190637889661287
k,rm,8,1.0,3.1955401771946956
k,rm,8,2.0,3.2000804700349508
k,rm,8,4.0,3.213475076775802
k,emb_alpha,2,0.25,3.2440014889365747
k,emb_alpha,2,0.5,3.2354808606599508
k,emb_alpha,2,1.0,3.2333807694284538
k,emb_alpha,2,2.0,3.235854700991982
k,emb_alpha,2,4.0,3.2442151119834497
k,emb_alpha,4,0.25,3.207762467233758
k,emb_alpha,4,0.5,3.203035254227488
k,emb_alpha,4,1.0,3.203353078741776
k,emb_alpha,4,2.0,3.2049253363358345
k,emb_alpha,4,4.0,3.214468504253187
k,emb_alpha,8,0.25,3.196468554045025
k,emb_alpha,8,0.5,3.1926679109272205
k,emb_alpha,8,1.0,3.1955401771946956
k,emb_alpha,8,2.0,3.2006414313065377
k,emb_alpha,8,4.0,3.2110220256604647
u,glr,2,0.25,3.2410274304841695
u,glr,2,0.5,3.19794363724558
u,glr,2,1.0,3.192129637065687
u,glr,2,2.0,3.2190359015213814
u,glr,2,4.0,3.2940011275442025
u,glr,4,0.25,3.1721038818359375
u,glr,4,0.5,3.1373987699809827
u,glr,4,1.0,3.1471226340846012
u,glr,4,2.0,3.20543750963713
u,glr,4,4.0,3.2922311080129525
u,glr,8,0.25,3.1248247246993217
u,glr,8,0.5,3.1059648614180717
u,glr,8,1.0,3.138803381668894
u,glr,8,2.0,3.204810293097245
u,glr,8,4.0,3.3010645414653577
u,wd,2,0.25,3.200765710127981
u,wd,2,0.5,3.193878173828125
u,wd,2,1.0,3.192129637065687
u,wd,2,2.0,3.198449787340666
u,wd,2,4.0,3.2276818124871505
u,wd,4,0.25,3.160871806897615
u,wd,4,0.5,3.153203060752467
u,wd,4,1.0,3.1471226340846012
u,wd,4,2.0,3.1493773209421256
u,wd,4,4.0,3.1737110740260075
u,wd,8,0.25,3.156423468338816
u,wd,8,0.5,3.1486129760742188
u,wd,8,1.0,3.138803381668894
u,wd,8,2.0,3.137786865234375
u,wd,8,4.0,3.153743543122944
u,om,2,0.25,3.2072504947060034
u,om,2,0.5,3.193954066226357
u,om,2,1.0,3.192129637065687
u,om,2,2.0,3.194766596743935
u,om,2,4.0,3.221547578510485
u,om,4,0.25,3.1655701085140833
u,om,4,0.5,3.147961265162418
u,om,4,1.0,3.1471226340846012
u,om,4,2.0,3.1494401630602384
u,om,4,4.0,3.1958435460140833
u,om,8,0.25,3.1606007626182153
u,om,8,0.5,3.1408187464663855
u,om,8,1.0,3.138803381668894
u,om,8,2.0,3.1392898559570312
u,om,8,4.0,3.2102602908485816
u,rm,2,0.25,3.205037970291941
u,rm,2,0.5,3.1941580521432975
u,rm,2,1.0,3.192129637065687
u,rm,2,2.0,3.1918387162057975
u,rm,2,4.0,3.199562675074527
u,rm,4,0.25,3.14313426770662
u,rm,4,0.5,3.139968470523232
u,rm,4,1.0,3.1471226340846012
u,rm,4,2.0,3.1601490221525492
u,rm,4,4.0,3.183786291825144
u,rm,8,0.25,3.1119469090511926
u,rm,8,0.5,3.1221919812654195
u,rm,8,1.0,3.138803381668894
u,rm,8,2.0,3.15911182604338
u,rm,8,4.0,3.183718631142064
u,emb_alpha,2,0.25,3.1927628768117806
u,emb_alpha,2,0.5,3.191020363255551
u,emb_alpha,2,1.0,3.192129637065687
u,emb_alpha,2,2.0,3.1948292380885075
u,emb_alpha,2,4.0,3.2065481888620475
u,emb_alpha,4,0.25,3.1420468782123767
u,emb_alpha,4,0.5,3.1403376930638363
u,emb_alpha,4,1.0,3.1471226340846012
u,emb_alpha,4,2.0,3.15891506797389
u,emb_alpha,4,4.0,3.182404969867907
u,emb_alpha,8,0.25,3.1230886358963814
u,emb_alpha,8,0.5,3.1266977410567436
u,emb_alpha,8,1.0,3.138803381668894
u,emb_alpha,8,2.0,3.1540300469649467
u,emb_alpha,8,4.0,3.179616426166735
