regime,compute,loss,depth,loops
fresh,4.390968405000192e+17,3.666311966745477,4,6
fresh,9.07767107813376e+17,3.495744404039885,6,6
fresh,2.0736651860901888e+18,3.353550158048931,8,6
fresh,4.0276657113661435e+18,3.2739986620451274,10,6
fresh,5.876690363980186e+18,3.2314306560315584,12,6
fresh,9.628206858082714e+18,3.179210060521176,14,6
fresh,4.8473000902656e+17,3.576335304661801,6,1
fresh,9.220641949483008e+17,3.4353934840152136,8,1
fresh,1.599119403515904e+18,3.350137007863898,10,1
fresh,2.4923935736856576e+18,3.2969790006938733,12,1
fresh,3.8016542243291136e+18,3.2484684994346216,14,1
fresh,5.529251561550643e+18,3.215683384945518,16,1
fresh,7.54592424960983e+18,3.191039436741879,18,1
fresh,5.6933742878392326e+17,3.539449591385691,6,2
fresh,1.1523843931766784e+18,3.3908550864771794,8,2
fresh,2.084828665085952e+18,3.3077932658948397,10,2
fresh,3.169252931744563e+18,3.259049064234683,12,2
fresh,4.966964751079834e+18,3.2122112073396383,14,2
fresh,7.371813147377664e+18,3.179893694425884,16,2
fresh,6.539448485412864e+17,3.516931232653166,6,3
fresh,1.382704591405056e+18,3.3723590248509456,8,3
fresh,2.570537926656e+18,3.2844736199629936,10,3
fresh,3.846112289803469e+18,3.239607760780736,12,3
fresh,6.132275277830554e+18,3.1930802997789884,14,3
fresh,9.214374733204684e+18,3.1599966350354647,16,3
fresh,7.385522682986496e+17,3.5057288721988074,6,4
fresh,1.6130247896334336e+18,3.3609791805869653,8,4
fresh,3.056247188226048e+18,3.2787371183696545,10,4
fresh,4.5229716478623744e+18,3.2299162212171053,12,4
fresh,7.297585804581274e+18,3.183197623804996,14,4
replay250m4,4.400212549010719e+17,3.672881276983963,4,6
replay250m4,9.096781964614042e+17,3.49881985313014,6,6
replay250m4,2.0780307970082732e+18,3.3623876069721423,8,6
replay250m4,4.0361450076005985e+18,3.284010836952611,10,6
replay250m4,5.889062343693828e+18,3.242429632889597,12,6
replay250m4,9.648476767257625e+18,3.201465606689453,14,6
replay250m4,4.857504932560896e+17,3.5819726241262337,6,1
replay250m4,9.240053827271393e+17,3.446326406378495,8,1
replay250m4,1.6024859706812006e+18,3.3614566200657894,10,1
replay250m4,2.4976407180513116e+18,3.3111210873252466,12,1
replay250m4,3.8096577069066486e+18,3.271347246671978,14,1
replay250m4,5.540892091153908e+18,3.2358320135819283,16,1
replay250m4,7.561810405924798e+18,3.214479346024363,18,1
replay250m4,5.7053603389715245e+17,3.547447606136924,6,2
replay250m4,1.1548104655833661e+18,3.4010873091848275,8,2
replay250m4,2.0892177780650806e+18,3.32224534687243,10,2
replay250m4,3.175925043179815e+18,3.2757863496479236,12,2
replay250m4,4.977421518976844e+18,3.2331167522229647,14,2
replay250m4,7.387332754003722e+18,3.1994809602436267,16,2
replay250m4,6.553215745382154e+17,3.522425601356908,6,3
replay250m4,1.385615548439593e+18,3.3824555246453536,8,3
replay250m4,2.57594958544896e+18,3.2979463276110197,10,3
replay250m4,3.854209368308318e+18,3.2573298404091284,12,3
replay250m4,6.145185331047039e+18,3.214387190969367,14,3
replay250m4,9.233773416853537e+18,3.179780458149157,16,3
replay250m4,7.401071151792783e+17,3.5102828176398027,6,4
replay250m4,1.6164206312958198e+18,3.3699995342053866,8,4
replay250m4,3.0626813928328397e+18,3.2893239071494653,10,4
replay250m4,4.5324936934368215e+18,3.2453380383943258,12,4
replay250m4,7.312949143117234e+18,3.20394536068565,14,4
replay100m10,4.390968405000192e+17,3.7119461862664473,4,6
replay100m10,9.07767107813376e+17,3.55513522499486,6,6
replay100m10,2.0736651860901888e+18,3.446951615182977,8,6
replay100m10,4.0276657113661435e+18,3.394005624871505,10,6
replay100m10,5.876690363980186e+18,3.383975781892475,12,6
replay100m10,9.628206858082714e+18,3.3786348041735197,14,6
replay100m10,4.8473000902656e+17,3.638688338430304,6,1
replay100m10,9.220641949483008e+17,3.5335894132915295,8,1
replay100m10,1.599119403515904e+18,3.4852656314247534,10,1
replay100m10,2.4923935736856576e+18,3.470739665784334,12,1
replay100m10,3.8016542243291136e+18,3.4678063643606087,14,1
replay100m10,5.529251561550643e+18,3.4769058227539062,16,1
replay100m10,7.54592424960983e+18,3.5094471981650903,18,1
replay100m10,5.6933742878392326e+17,3.60975486353824,6,2
replay100m10,1.1523843931766784e+18,3.4907045866313733,8,2
replay100m10,2.084828665085952e+18,3.440892269736842,10,2
replay100m10,3.169252931744563e+18,3.4273448743318258,12,2
replay100m10,4.966964751079834e+18,3.424424020867599,14,2
replay100m10,7.371813147377664e+18,3.4322397332442436,16,2
replay100m10,6.539448485412864e+17,3.587358173571135,6,3
replay100m10,1.382704591405056e+18,3.4711616917660364,8,3
replay100m10,2.570537926656e+18,3.416234066611842,10,3
replay100m10,3.846112289803469e+18,3.404142279373972,12,3
replay100m10,6.132275277830554e+18,3.401282461065995,14,3
replay100m10,9.214374733204684e+18,3.409852278859992,16,3
replay100m10,7.385522682986496e+17,3.5764481393914473,6,4
replay100m10,1.6130247896334336e+18,3.459188360916941,8,4
replay100m10,3.056247188226048e+18,3.4049248946340462,10,4
replay100m10,4.5229716478623744e+18,3.3932402761358964,12,4
replay100m10,7.297585804581274e+18,3.389829535233347,14,4
replay100m10,2.534305582546944e+18,3.442791587428043,8,8
replay100m10,4.99908423450624e+18,3.392886111610814,10,8
replay100m10,7.230409080097997e+18,3.381518715306332,12,8
replay100m10,1.1958827911584154e+19,3.3744868228310034,14,8
replay100m10,3.4555863754604544e+18,3.439836200914885,8,12
replay100m10,6.941921280786432e+18,3.390595687063117,10,12
replay100m10,9.93784651233362e+18,3.3755774247018913,12,12
