weight_decay,loops,depth,compute,loss
0.05,1,6,0.48473000902656,3.839663455360814
0.05,1,8,0.9220641949483008,3.9642350046258223
0.05,1,10,1.599119403515904,4.22637939453125
0.05,1,12,2.4923935736856575,4.587230481599507
0.05,1,14,3.8016542243291136,4.997974998072574
0.05,1,16,5.529251561550643,5.456319708573191
0.05,1,18,7.54592424960983,5.9341478849712175
0.05,2,6,0.5693374287839232,3.7921030144942436
0.05,2,8,1.1523843931766784,3.9036752801192436
0.05,2,10,2.084828665085952,4.151908472964638
0.05,2,12,3.169252931744563,4.488659105802837
0.05,2,14,4.966964751079834,4.904041892603824
0.05,2,16,7.371813147377664,5.36204729582134
0.05,3,6,0.6539448485412864,3.7639144094366777
0.05,3,8,1.382704591405056,3.8792913336502877
0.05,3,10,2.570537926656,4.115842718827097
0.05,3,12,3.846112289803469,4.4506177400287825
0.05,3,14,6.132275277830554,4.845925983629729
0.05,3,16,9.214374733204684,5.303214625308388
0.05,4,6,0.7385522682986496,3.755173131039268
0.05,4,8,1.6130247896334335,3.858315718801398
0.05,4,10,3.056247188226048,4.0929517244037825
0.05,4,12,4.5229716478623745,4.425648739463405
0.05,4,14,7.297585804581273,4.827511034513774
0.05,6,4,0.4390968405000192,3.7540909616570723
0.05,6,6,0.907767107813376,3.7433760793585527
0.05,6,8,2.0736651860901887,3.849468833521793
0.05,6,10,4.027665711366144,4.07635498046875
0.05,6,12,5.8766903639801855,4.405068246941817
0.05,6,14,9.628206858082713,4.801483957391036
0.05,8,8,2.534305582546944,3.8406512611790706
0.05,8,10,4.99908423450624,4.069604170949836
0.05,8,12,7.2304090800979965,4.396018981933594
0.05,8,14,11.958827911584153,4.8009571276213
0.05,12,8,3.4555863754604546,3.835758410002056
0.05,12,10,6.941921280786432,4.063997369063528
0.05,12,12,9.93784651233362,4.392174570184005
0.2,1,6,0.48473000902656,3.682621202970806
0.2,1,8,0.9220641949483008,3.6719107376901725
0.2,1,10,1.599119403515904,3.751511423211349
0.2,1,12,2.4923935736856575,3.8842938071803044
0.2,1,14,3.8016542243291136,4.058847126207854
0.2,1,16,5.529251561550643,4.273477654708059
0.2,1,18,7.54592424960983,4.52839500025699
0.2,2,6,0.5693374287839232,3.639494644968133
0.2,2,8,1.1523843931766784,3.6222955804122123
0.2,2,10,2.084828665085952,3.6902726825914884
0.2,2,12,3.169252931744563,3.817343460886102
0.2,2,14,4.966964751079834,3.9834281519839636
0.2,2,16,7.371813147377664,4.193493893271999
0.2,3,6,0.6539448485412864,3.6157672279759456
0.2,3,8,1.382704591405056,3.5972069188168176
0.2,3,10,2.570537926656,3.662085683722245
0.2,3,12,3.846112289803469,3.7932309602436267
0.2,3,14,6.132275277830554,3.9562442177220394
0.2,3,16,9.214374733204684,4.145078157123766
0.2,4,6,0.7385522682986496,3.601903011924342
0.2,4,8,1.6130247896334335,3.5814192922491777
0.2,4,10,3.056247188226048,3.6467377512078536
0.2,4,12,4.5229716478623745,3.7735619795949837
0.2,4,14,7.297585804581273,3.9352746260793587
0.2,6,4,0.4390968405000192,3.6849272878546464
0.2,6,6,0.907767107813376,3.5930565281918176
0.2,6,8,2.0736651860901887,3.5688737568102384
0.2,6,10,4.027665711366144,3.6296816374126233
0.2,6,12,5.8766903639801855,3.7615488955849097
0.2,6,14,9.628206858082713,3.923008165861431
0.2,8,8,2.534305582546944,3.5655023675215873
0.2,8,10,4.99908423450624,3.625091552734375
0.2,8,12,7.2304090800979965,3.751888475920025
0.2,8,14,11.958827911584153,3.908400686163651
0.2,12,8,3.4555863754604546,3.5629453157123767
0.2,12,10,6.941921280786432,3.6214852584035775
0.2,12,12,9.93784651233362,3.7460905376233553
0.4,1,6,0.48473000902656,3.6374840987356087
0.4,1,8,0.9220641949483008,3.57407620078639
0.4,1,10,1.599119403515904,3.5680879291735197
0.4,1,12,2.4923935736856575,3.608048288445724
0.4,1,14,3.8016542243291136,3.6726519936009456
0.4,1,16,5.529251561550643,3.759719045538651
0.4,1,18,7.54592424960983,3.880247818796258
0.4,2,6,0.5693374287839232,3.5978995875308386
0.4,2,8,1.1523843931766784,3.5227351941560445
0.4,2,10,2.084828665085952,3.5136774966591284
0.4,2,12,3.169252931744563,3.557729620682566
0.4,2,14,4.966964751079834,3.6151560733192847
0.4,2,16,7.371813147377664,3.7002675909745064
0.4,3,6,0.6539448485412864,3.576365019145765
0.4,3,8,1.382704591405056,3.4990800556383634
0.4,3,10,2.570537926656,3.489064668354235
0.4,3,12,3.846112289803469,3.5316876863178455
0.4,3,14,6.132275277830554,3.5913463391755758
0.4,3,16,9.214374733204684,3.6724986026161597
0.4,4,6,0.7385522682986496,3.5647566945929277
0.4,4,8,1.6130247896334335,3.483829699064556
0.4,4,10,3.056247188226048,3.475234182257401
0.4,4,12,4.5229716478623745,3.5153399015727795
0.4,4,14,7.297585804581273,3.5750973350123356
0.4,6,4,0.4390968405000192,3.6801191631116366
0.4,6,6,0.907767107813376,3.5515959890265214
0.4,6,8,2.0736651860901887,3.472742984169408
0.4,6,10,4.027665711366144,3.460958380448191
0.4,6,12,5.8766903639801855,3.497366654245477
0.4,6,14,9.628206858082713,3.5601425170898438
0.4,8,8,2.534305582546944,3.466378462942023
0.4,8,10,4.99908423450624,3.454671759354441
0.4,8,12,7.2304090800979965,3.4899573075143913
0.4,8,14,11.958827911584153,3.5484731573807564
0.4,12,8,3.4555863754604546,3.4639069406609786
0.4,12,10,6.941921280786432,3.450918900339227
0.4,12,12,9.93784651233362,3.485662761487459
0.8,1,6,0.48473000902656,3.6386883384303044
0.8,1,8,0.9220641949483008,3.5335894132915295
0.8,1,10,1.599119403515904,3.4852656314247534
0.8,1,12,2.4923935736856575,3.470739665784334
0.8,1,14,3.8016542243291136,3.4678063643606087
0.8,1,16,5.529251561550643,3.4769058227539062
0.8,1,18,7.54592424960983,3.5094471981650903
0.8,2,6,0.5693374287839232,3.60975486353824
0.8,2,8,1.1523843931766784,3.4907045866313733
0.8,2,10,2.084828665085952,3.440892269736842
0.8,2,12,3.169252931744563,3.4273448743318258
0.8,2,14,4.966964751079834,3.424424020867599
0.8,2,16,7.371813147377664,3.4322397332442436
0.8,3,6,0.6539448485412864,3.587358173571135
0.8,3,8,1.382704591405056,3.4711616917660364
0.8,3,10,2.570537926656,3.416234066611842
0.8,3,12,3.846112289803469,3.404142279373972
0.8,3,14,6.132275277830554,3.401282461065995
0.8,3,16,9.214374733204684,3.409852278859992
0.8,4,6,0.7385522682986496,3.5764481393914473
0.8,4,8,1.6130247896334335,3.459188360916941
0.8,4,10,3.056247188226048,3.4049248946340462
0.8,4,12,4.5229716478623745,3.3932402761358964
0.8,4,14,7.297585804581273,3.389829535233347
0.8,6,4,0.4390968405000192,3.7119461862664473
0.8,6,6,0.907767107813376,3.55513522499486
0.8,6,8,2.0736651860901887,3.446951615182977
0.8,6,10,4.027665711366144,3.394005624871505
0.8,6,12,5.8766903639801855,3.383975781892475
0.8,6,14,9.628206858082713,3.3786348041735197
0.8,8,8,2.534305582546944,3.442791587428043
0.8,8,10,4.99908423450624,3.392886111610814
0.8,8,12,7.2304090800979965,3.381518715306332
0.8,8,14,11.958827911584153,3.3744868228310034
0.8,12,8,3.4555863754604546,3.439836200914885
0.8,12,10,6.941921280786432,3.390595687063117
0.8,12,12,9.93784651233362,3.3755774247018913
1.2,1,6,0.48473000902656,3.6710751182154606
1.2,1,8,0.9220641949483008,3.5551508853310034
1.2,1,10,1.599119403515904,3.485690066688939
1.2,1,12,2.4923935736856575,3.4519757722553455
1.2,1,14,3.8016542243291136,3.4300669619911597
1.2,1,16,5.529251561550643,3.417111446982936
1.2,1,18,7.54592424960983,3.419162951017681
1.2,2,6,0.5693374287839232,3.644705521432977
1.2,2,8,1.1523843931766784,3.517782110916941
1.2,2,10,2.084828665085952,3.4521392019171464
1.2,2,12,3.169252931744563,3.423725730494449
1.2,2,14,4.966964751079834,3.397106772974918
1.2,2,16,7.371813147377664,3.381495425575658
1.2,3,6,0.6539448485412864,3.6288444117495886
1.2,3,8,1.382704591405056,3.5001750745271383
1.2,3,10,2.570537926656,3.4366764269377055
1.2,3,12,3.846112289803469,3.403417888440584
1.2,3,14,6.132275277830554,3.3804401598478617
1.2,3,16,9.214374733204684,3.36338284141139
1.2,4,6,0.7385522682986496,3.6119155883789062
1.2,4,8,1.6130247896334335,3.490855568333676
1.2,4,10,3.056247188226048,3.4246834202816614
1.2,4,12,4.5229716478623745,3.3955584074321545
1.2,4,14,7.297585804581273,3.3729585346422697
1.2,6,4,0.4390968405000192,3.762491326583059
1.2,6,6,0.907767107813376,3.5984320389597038
1.2,6,8,2.0736651860901887,3.4776165610865544
1.2,6,10,4.027665711366144,3.413045782791941
1.2,6,12,5.8766903639801855,3.3852266010485197
1.2,6,14,9.628206858082713,3.3604224355597245
1.2,8,8,2.534305582546944,3.4693707917865955
1.2,8,10,4.99908423450624,3.4074397839997945
1.2,8,12,7.2304090800979965,3.3802112780119242
1.2,8,14,11.958827911584153,3.355262555574116
1.2,12,8,3.4555863754604546,3.4666828356291117
1.2,12,10,6.941921280786432,3.400368941457648
1.2,12,12,9.93784651233362,3.374265570389597
1.6,1,6,0.48473000902656,3.705866763466283
1.6,1,8,0.9220641949483008,3.5848766126130758
1.6,1,10,1.599119403515904,3.5076277883429277
1.6,1,12,2.4923935736856575,3.4677545647872123
1.6,1,14,3.8016542243291136,3.4340037295692847
1.6,1,16,5.529251561550643,3.4129771182411597
1.6,1,18,7.54592424960983,3.4008520025956
1.6,2,6,0.5693374287839232,3.68683543958162
1.6,2,8,1.1523843931766784,3.5602955065275492
1.6,2,10,2.084828665085952,3.4870886551706413
1.6,2,12,3.169252931744563,3.448444968775699
1.6,2,14,4.966964751079834,3.4004705328690377
1.6,2,16,7.371813147377664,3.3905575400904606
1.6,3,6,0.6539448485412864,3.6699861225328947
1.6,3,8,1.382704591405056,3.538559763055099
1.6,3,10,2.570537926656,3.472561886436061
1.6,3,12,3.846112289803469,3.426489177503084
1.6,3,14,6.132275277830554,3.3910028558028373
1.6,3,16,9.214374733204684,3.374831751773232
1.6,4,6,0.7385522682986496,3.6567535400390625
1.6,4,8,1.6130247896334335,3.5312885485197367
1.6,4,10,3.056247188226048,3.465391861765008
1.6,4,12,4.5229716478623745,3.4244585539165295
1.6,4,14,7.297585804581273,3.3919119583932975
1.6,6,4,0.4390968405000192,3.8099248785721627
1.6,6,6,0.907767107813376,3.6420480828536186
1.6,6,8,2.0736651860901887,3.517063341642681
1.6,6,10,4.027665711366144,3.4514826724403784
1.6,6,12,5.8766903639801855,3.387862356085526
1.6,6,14,9.628206858082713,3.377621700889186
1.6,8,8,2.534305582546944,3.5071740401418587
1.6,8,10,4.99908423450624,3.4411123175370064
1.6,8,12,7.2304090800979965,3.4035941676089636
1.6,8,14,11.958827911584153,3.3715804250616777
1.6,12,8,3.4555863754604546,3.497819599352385
1.6,12,10,6.941921280786432,3.43220359400699
1.6,12,12,9.93784651233362,3.3990237587376644
