arm,depth,compute_flops,val_loss
vanilla,6,3.252671e+17,3.560862
vanilla,8,1.055751e+18,3.329581
vanilla,10,2.925844e+18,3.156175
vanilla,12,6.743808e+18,3.029247
vanilla,14,1.497801e+19,2.918957
vanilla,16,3.060476e+19,2.825932
vanilla,18,5.572393e+19,2.752295
vanilla,20,1.006363e+20,2.683423
deep_vanilla,6,5.197356e+17,3.449959
deep_vanilla,8,1.898823e+18,3.212122
deep_vanilla,10,5.735252e+18,3.039412
deep_vanilla,12,1.269738e+19,2.929162
deep_vanilla,14,2.987236e+19,2.819387
deep_vanilla,16,6.378079e+19,2.726474
deep_vanilla,18,1.114294e+20,2.662482
deep_vanilla_grow,6,5.251740e+17,3.434678
deep_vanilla_grow,8,1.910934e+18,3.196272
deep_vanilla_grow,10,5.758239e+18,3.023743
deep_vanilla_grow,12,1.273183e+19,2.913993
deep_vanilla_grow,14,2.992752e+19,2.801904
deep_vanilla_grow,16,6.386320e+19,2.707674
deep_vanilla_grow,18,1.115291e+20,2.642910
operator_1,6,3.902066e+17,3.507466
operator_1,8,1.267224e+18,3.269726
operator_1,10,3.510828e+18,3.101648
operator_1,12,8.091425e+18,2.979002
operator_1,14,1.797318e+19,2.866335
operator_1,16,3.672571e+19,2.777528
operator_1,18,6.686787e+19,2.704438
operator_1,20,1.207681e+20,2.637315
loop_2,6,4.647766e+17,3.468500
loop_2,8,1.599331e+18,3.232276
loop_2,10,4.607364e+18,3.066159
loop_2,12,1.033032e+19,2.947299
loop_2,14,2.355048e+19,2.834082
loop_2,16,4.906792e+19,2.742744
loop_2,18,8.724002e+19,2.673117
loop_grow,6,5.453049e+17,3.432481
loop_grow,8,1.870892e+18,3.200176
loop_grow,10,5.381730e+18,3.035716
loop_grow,12,1.206461e+19,2.918357
loop_grow,14,2.749046e+19,2.804646
loop_grow,16,5.726578e+19,2.715389
loop_grow,18,1.018073e+20,2.644525
untied_2,6,5.197356e+17,3.428605
untied_2,8,1.898823e+18,3.190407
untied_2,10,5.735252e+18,3.019007
untied_2,12,1.269738e+19,2.907670
untied_2,14,2.987236e+19,2.793952
untied_2,16,6.378079e+19,2.701821
untied_2,18,1.114294e+20,2.637820
untied_grow,6,6.990536e+17,3.355077
untied_grow,8,2.542245e+18,3.130387
untied_grow,10,7.663701e+18,2.962493
untied_grow,12,1.695605e+19,2.850924
untied_grow,14,3.986691e+19,2.741565
untied_grow,16,8.509694e+19,2.650865
untied_grow,18,1.486435e+20,2.587002
