depth,loops,weight_decay,compute_flops,val_loss
4,6,0.05,4.390968e+17,3.754091
4,6,0.2,4.390968e+17,3.684927
4,6,0.4,4.390968e+17,3.680119
4,6,0.8,4.390968e+17,3.711946
4,6,1.2,4.390968e+17,3.762491
4,6,1.6,4.390968e+17,3.809925
6,1,0.05,4.847300e+17,3.839663
6,1,0.2,4.847300e+17,3.682621
6,1,0.4,4.847300e+17,3.637484
6,1,0.8,4.847300e+17,3.638688
6,1,1,4.847300e+17,3.652999
6,1,1.2,4.847300e+17,3.671075
6,1,1.4,4.847300e+17,3.687621
6,1,1.6,4.847300e+17,3.705867
6,2,0.05,5.693374e+17,3.792103
6,2,0.2,5.693374e+17,3.639495
6,2,0.4,5.693374e+17,3.597900
6,2,0.8,5.693374e+17,3.609755
6,2,1.2,5.693374e+17,3.644706
6,2,1.6,5.693374e+17,3.686835
6,3,0.05,6.539448e+17,3.763914
6,3,0.2,6.539448e+17,3.615767
6,3,0.4,6.539448e+17,3.576365
6,3,0.8,6.539448e+17,3.587358
6,3,1.2,6.539448e+17,3.628844
6,3,1.6,6.539448e+17,3.669986
6,4,0.05,7.385523e+17,3.755173
6,4,0.2,7.385523e+17,3.601903
6,4,0.4,7.385523e+17,3.564757
6,4,0.8,7.385523e+17,3.576448
6,4,1.2,7.385523e+17,3.611916
6,4,1.6,7.385523e+17,3.656754
6,6,0.05,9.077671e+17,3.743376
6,6,0.2,9.077671e+17,3.593057
6,6,0.4,9.077671e+17,3.551596
6,6,0.8,9.077671e+17,3.555135
6,6,1.2,9.077671e+17,3.598432
6,6,1.6,9.077671e+17,3.642048
8,1,0.05,9.220642e+17,3.964235
8,1,0.2,9.220642e+17,3.671911
8,1,0.4,9.220642e+17,3.574076
8,1,0.8,9.220642e+17,3.533589
8,1,1,9.220642e+17,3.540707
8,1,1.2,9.220642e+17,3.555151
8,1,1.4,9.220642e+17,3.566932
8,1,1.6,9.220642e+17,3.584877
8,2,0.05,1.152384e+18,3.903675
8,2,0.2,1.152384e+18,3.622296
8,2,0.4,1.152384e+18,3.522735
8,2,0.8,1.152384e+18,3.490705
8,2,1.2,1.152384e+18,3.517782
8,2,1.6,1.152384e+18,3.560296
8,3,0.05,1.382705e+18,3.879291
8,3,0.2,1.382705e+18,3.597207
8,3,0.4,1.382705e+18,3.499080
8,3,0.8,1.382705e+18,3.471162
8,3,1.2,1.382705e+18,3.500175
8,3,1.6,1.382705e+18,3.538560
8,4,0.05,1.613025e+18,3.858316
8,4,0.2,1.613025e+18,3.581419
8,4,0.4,1.613025e+18,3.483830
8,4,0.8,1.613025e+18,3.459188
8,4,1.2,1.613025e+18,3.490856
8,4,1.6,1.613025e+18,3.531289
8,6,0.05,2.073665e+18,3.849469
8,6,0.2,2.073665e+18,3.568874
8,6,0.4,2.073665e+18,3.472743
8,6,0.8,2.073665e+18,3.446952
8,6,1.2,2.073665e+18,3.477617
8,6,1.6,2.073665e+18,3.517063
8,8,0.05,2.534306e+18,3.840651
8,8,0.2,2.534306e+18,3.565502
8,8,0.4,2.534306e+18,3.466378
8,8,0.8,2.534306e+18,3.442792
8,8,1.2,2.534306e+18,3.469371
8,8,1.6,2.534306e+18,3.507174
8,12,0.05,3.455586e+18,3.835758
8,12,0.2,3.455586e+18,3.562945
8,12,0.4,3.455586e+18,3.463907
8,12,0.8,3.455586e+18,3.439836
8,12,1.2,3.455586e+18,3.466683
8,12,1.6,3.455586e+18,3.497820
10,1,0.05,1.599119e+18,4.226379
10,1,0.2,1.599119e+18,3.751511
10,1,0.4,1.599119e+18,3.568088
10,1,0.8,1.599119e+18,3.485266
10,1,1,1.599119e+18,3.481456
10,1,1.2,1.599119e+18,3.485690
10,1,1.4,1.599119e+18,3.498241
10,1,1.6,1.599119e+18,3.507628
10,2,0.05,2.084829e+18,4.151908
10,2,0.2,2.084829e+18,3.690273
10,2,0.4,2.084829e+18,3.513677
10,2,0.8,2.084829e+18,3.440892
10,2,1.2,2.084829e+18,3.452139
10,2,1.6,2.084829e+18,3.487089
10,3,0.05,2.570538e+18,4.115843
10,3,0.2,2.570538e+18,3.662086
10,3,0.4,2.570538e+18,3.489065
10,3,0.8,2.570538e+18,3.416234
10,3,1.2,2.570538e+18,3.436676
10,3,1.6,2.570538e+18,3.472562
10,4,0.05,3.056247e+18,4.092952
10,4,0.2,3.056247e+18,3.646738
10,4,0.4,3.056247e+18,3.475234
10,4,0.8,3.056247e+18,3.404925
10,4,1.2,3.056247e+18,3.424683
10,4,1.6,3.056247e+18,3.465392
10,6,0.05,4.027666e+18,4.076355
10,6,0.2,4.027666e+18,3.629682
10,6,0.4,4.027666e+18,3.460958
10,6,0.8,4.027666e+18,3.394006
10,6,1.2,4.027666e+18,3.413046
10,6,1.6,4.027666e+18,3.451483
10,8,0.05,4.999084e+18,4.069604
10,8,0.2,4.999084e+18,3.625092
10,8,0.4,4.999084e+18,3.454672
10,8,0.8,4.999084e+18,3.392886
10,8,1.2,4.999084e+18,3.407440
10,8,1.6,4.999084e+18,3.441112
10,12,0.05,6.941921e+18,4.063997
10,12,0.2,6.941921e+18,3.621485
10,12,0.4,6.941921e+18,3.450919
10,12,0.8,6.941921e+18,3.390596
10,12,1.2,6.941921e+18,3.400369
10,12,1.6,6.941921e+18,3.432204
12,1,0.05,2.492394e+18,4.587230
12,1,0.2,2.492394e+18,3.884294
12,1,0.4,2.492394e+18,3.608048
12,1,0.8,2.492394e+18,3.470740
12,1,1,2.492394e+18,3.454719
12,1,1.2,2.492394e+18,3.451976
12,1,1.4,2.492394e+18,3.458510
12,1,1.6,2.492394e+18,3.467755
12,2,0.05,3.169253e+18,4.488659
12,2,0.2,3.169253e+18,3.817343
12,2,0.4,3.169253e+18,3.557730
12,2,0.8,3.169253e+18,3.427345
12,2,1.2,3.169253e+18,3.423726
12,2,1.6,3.169253e+18,3.448445
12,3,0.05,3.846112e+18,4.450618
12,3,0.2,3.846112e+18,3.793231
12,3,0.4,3.846112e+18,3.531688
12,3,0.8,3.846112e+18,3.404142
12,3,1.2,3.846112e+18,3.403418
12,3,1.6,3.846112e+18,3.426489
12,4,0.05,4.522972e+18,4.425649
12,4,0.2,4.522972e+18,3.773562
12,4,0.4,4.522972e+18,3.515340
12,4,0.8,4.522972e+18,3.393240
12,4,1.2,4.522972e+18,3.395558
12,4,1.6,4.522972e+18,3.424459
12,6,0.05,5.876690e+18,4.405068
12,6,0.2,5.876690e+18,3.761549
12,6,0.4,5.876690e+18,3.497367
12,6,0.8,5.876690e+18,3.383976
12,6,1.2,5.876690e+18,3.385227
12,6,1.6,5.876690e+18,3.387862
12,8,0.05,7.230409e+18,4.396019
12,8,0.2,7.230409e+18,3.751888
12,8,0.4,7.230409e+18,3.489957
12,8,0.8,7.230409e+18,3.381519
12,8,1.2,7.230409e+18,3.380211
12,8,1.6,7.230409e+18,3.403594
12,12,0.05,9.937847e+18,4.392175
12,12,0.2,9.937847e+18,3.746091
12,12,0.4,9.937847e+18,3.485663
12,12,0.8,9.937847e+18,3.375577
12,12,1.2,9.937847e+18,3.374266
12,12,1.6,9.937847e+18,3.399024
14,1,0.05,3.801654e+18,4.997975
14,1,0.2,3.801654e+18,4.058847
14,1,0.4,3.801654e+18,3.672652
14,1,0.8,3.801654e+18,3.467806
14,1,1,3.801654e+18,3.438303
14,1,1.2,3.801654e+18,3.430067
14,1,1.4,3.801654e+18,3.428017
14,1,1.6,3.801654e+18,3.434004
14,2,0.05,4.966965e+18,4.904042
14,2,0.2,4.966965e+18,3.983428
14,2,0.4,4.966965e+18,3.615156
14,2,0.8,4.966965e+18,3.424424
14,2,1.2,4.966965e+18,3.397107
14,2,1.6,4.966965e+18,3.400471
14,3,0.05,6.132275e+18,4.845926
14,3,0.2,6.132275e+18,3.956244
14,3,0.4,6.132275e+18,3.591346
14,3,0.8,6.132275e+18,3.401282
14,3,1.2,6.132275e+18,3.380440
14,3,1.6,6.132275e+18,3.391003
14,4,0.05,7.297586e+18,4.827511
14,4,0.2,7.297586e+18,3.935275
14,4,0.4,7.297586e+18,3.575097
14,4,0.8,7.297586e+18,3.389830
14,4,1.2,7.297586e+18,3.372959
14,4,1.6,7.297586e+18,3.391912
14,6,0.05,9.628207e+18,4.801484
14,6,0.2,9.628207e+18,3.923008
14,6,0.4,9.628207e+18,3.560143
14,6,0.8,9.628207e+18,3.378635
14,6,1.2,9.628207e+18,3.360422
14,6,1.6,9.628207e+18,3.377622
14,8,0.05,1.195883e+19,4.800957
14,8,0.2,1.195883e+19,3.908401
14,8,0.4,1.195883e+19,3.548473
14,8,0.8,1.195883e+19,3.374487
14,8,1.2,1.195883e+19,3.355263
14,8,1.6,1.195883e+19,3.371580
16,1,0.05,5.529252e+18,5.456320
16,1,0.2,5.529252e+18,4.273478
16,1,0.4,5.529252e+18,3.759719
16,1,0.8,5.529252e+18,3.476906
16,1,1,5.529252e+18,3.436034
16,1,1.2,5.529252e+18,3.417111
16,1,1.4,5.529252e+18,3.413161
16,1,1.6,5.529252e+18,3.412977
16,2,0.05,7.371813e+18,5.362047
16,2,0.2,7.371813e+18,4.193494
16,2,0.4,7.371813e+18,3.700268
16,2,0.8,7.371813e+18,3.432240
16,2,1.2,7.371813e+18,3.381495
16,2,1.6,7.371813e+18,3.390558
16,3,0.05,9.214375e+18,5.303215
16,3,0.2,9.214375e+18,4.145078
16,3,0.4,9.214375e+18,3.672499
16,3,0.8,9.214375e+18,3.409852
16,3,1.2,9.214375e+18,3.363383
16,3,1.6,9.214375e+18,3.374832
18,1,0.05,7.545924e+18,5.934148
18,1,0.2,7.545924e+18,4.528395
18,1,0.4,7.545924e+18,3.880248
18,1,0.8,7.545924e+18,3.509447
18,1,1,7.545924e+18,3.451868
18,1,1.2,7.545924e+18,3.419163
18,1,1.4,7.545924e+18,3.407054
18,1,1.6,7.545924e+18,3.400852
